不织布DIY材料包 可爱情侣 男生女生配 卡包/套 材料包,7.9,http://archive.taobao.com/auction/item_detail-0dbh-b7478772fd6bdf8690a190784babd671.jhtml,http://dsc03.taobao.com/i3/b70/780/b7478772fd6bdf8690a190784babd671/T1WxtFXlJvXXXXXXXX.desc|var^desc;sign^32c5a4991696ad0490cf72ba148f78b1;lang^gbk;t^1278646304
不织布DIY材料包 可爱情侣 卡包/套 材料包,7.9,http://archive.taobao.com/auction/item_detail-0dbh-cd1301c44d556e769d34f8363d4e80aa.jhtml,http://dsc03.taobao.com/i3/cd0/300/cd1301c44d556e769d34f8363d4e80aa/T1cM0FXdRFXXXXXXXX.desc|var^desc;sign^f139fd95c52a2f7f9fecb4dfeebede61;lang^gbk;t^1278646293
不织布DIY材料包 樱桃小丸子 零钱包 材料包,9.9,http://archive.taobao.com/auction/item_detail-0dbh-d44480900f137ed5e0891b22d2218599.jhtml,http://dsc04.taobao.com/i4/d40/480/d44480900f137ed5e0891b22d2218599/T1jhlFXfdyXXXXXXXX.desc|var^desc;sign^c2fc5ef0b748658f47323eb12a3a6805;lang^gbk;t^1278646312
不织布DIY材料包 精灵猫钱包 珠光皮蓝色 材料包,9.9,http://archive.taobao.com/auction/item_detail-0dbh-730ff847257b72ecdbc64b8d2ec048b8.jhtml,http://dsc04.taobao.com/i4/730/ff1/730ff847257b72ecdbc64b8d2ec048b8/T1TNpFXmxwXXXXXXXX.desc|var^desc;sign^c974e6d043fc2256836069cd721e6dd1;lang^gbk;t^1278646320
不织布DIY材料包 珠光皮 小熊 手机套 材料包,8.9,http://archive.taobao.com/auction/item_detail-0dbh-2a9d10f8b7bcde635de9cc164b019ce2.jhtml,http://dsc04.taobao.com/i4/2a1/d10/2a9d10f8b7bcde635de9cc164b019ce2/T1ZgJFXgRJXXXXXXXX.desc|var^desc;sign^fba369df5f95a0beaf72bf69e22b7965;lang^gbk;t^1278646342
不织布DIY材料包 顽皮 小猴子 相框 材料包,9.9,http://archive.taobao.com/auction/item_detail-0dbh-6a29505f04ee52f8d913e638d734a807.jhtml,http://dsc01.taobao.com/i1/6a0/950/6a29505f04ee52f8d913e638d734a807/T1HxRFXj0pXXXXXXXX.desc|var^desc;sign^cb2ff8ac2c1fa59daf3a85155bdff743;lang^gbk;t^1278646370
不织布DIY材料包 小树林 可爱蓝色 相框 材料包,9.9,http://archive.taobao.com/auction/item_detail-0dbh-9268e1e66b8d0eb480413815878e0f71.jhtml,http://dsc02.taobao.com/i2/920/8e0/9268e1e66b8d0eb480413815878e0f71/T1QNhFXmtyXXXXXXXX.desc|var^desc;sign^41dac026d2d746124ba3adfbb7bac54e;lang^gbk;t^1278646376
不织布DIY材料包 可爱 粉色 蛋糕 蕾丝 相框 材料包,9.9,http://archive.taobao.com/auction/item_detail-0dbh-5d8f92f73636a75e25cd062d316cd102.jhtml,http://dsc08.taobao.com/i8/5d1/f90/5d8f92f73636a75e25cd062d316cd102/T1k4FFXgltXXXXXXXX.desc|var^desc;sign^8b6ca74e1ea25d66b11c638526dbbe1a;lang^gbk;t^1278646385
不织布DIY材料包 可爱 小鸟 钱包 材料包,12.9,http://archive.taobao.com/auction/item_detail-0dbh-7790adccadc6e492b2891e6f81a0eca9.jhtml,http://dsc06.taobao.com/i6/771/0a1/7790adccadc6e492b2891e6f81a0eca9/T1hhFFXhltXXXXXXXX.desc|var^desc;sign^c2aa14b98ba22297af797136cc003ba0;lang^gbk;t^1278646393
不织布DIY材料包 童话农场装饰画 材料包,18,http://archive.taobao.com/auction/item_detail-0dbh-e0cc4f0b0b163f2d7bcde12dfac35509.jhtml,http://dsc02.taobao.com/i2/e01/c41/e0cc4f0b0b163f2d7bcde12dfac35509/T1vNxFXeJvXXXXXXXX.desc|var^desc;sign^6f2d306b0fbfc444d5edf26339f08f86;lang^gbk;t^1278646408
不织布DIY材料包 大眼猴 卡包 材料包,9.9,http://archive.taobao.com/auction/item_detail-0dbh-259179ec86c8b69d18c64b312681ca04.jhtml,http://dsc03.taobao.com/i3/251/171/259179ec86c8b69d18c64b312681ca04/T1Gn8DXgBvXXXXXXXX.desc|var^desc;sign^bdf170dd6d23c68f91fb743d61f8e636;lang^gbk;t^1277182915
不织布DIY材料包 小猪情侣卡套 材料包 5个装,7.9,http://archive.taobao.com/auction/item_detail-0dbh-945db490a9fa76c1742acaff9ef58132.jhtml,http://dsc01.taobao.com/i1/940/db0/945db490a9fa76c1742acaff9ef58132/T1S3VFXixFXXXXXXXX.desc|var^desc;sign^847a050e86939fbd85cc99e37b0e10c1;lang^gbk;t^1278646438
不织布DIY材料包 黑猫家族 开关贴 材料包 5个装,9.9,http://archive.taobao.com/auction/item_detail-0dbh-85473f11c0f7e73eb56880a5e3878aa5.jhtml,http://dsc01.taobao.com/i1/850/731/85473f11c0f7e73eb56880a5e3878aa5/T1VTdDXeRMXXXXXXXX.desc|var^desc;sign^c3927be1aaa41c1865b0a72828f7feee;lang^gbk;t^1277182677
不织布DIY材料包 乐扣 情侣 卡包 材料包,7.9,http://archive.taobao.com/auction/item_detail-0dbh-5ce0bd7bfd8bffa5cb5ffaa6f0ac8741.jhtml,http://dsc07.taobao.com/i7/5c1/0b1/5ce0bd7bfd8bffa5cb5ffaa6f0ac8741/T1iOXFXmtjXXXXXXXX.desc|var^desc;sign^6e8297d95c0ed9107c7cc4cabf45d349;lang^gbk;t^1278646450
不织布DIY材料包 可爱 米奇 卡片册 材料包,12.9,http://archive.taobao.com/auction/item_detail-0dbh-35b040c639f451e900691681f0ff5dac.jhtml,http://dsc08.taobao.com/i8/351/040/35b040c639f451e900691681f0ff5dac/T1todDXeRsXXXXXXXX.desc|var^desc;sign^fb5e187f42457f05fa9b0c18da657a02;lang^gbk;t^1277182376
不织布DIY材料包 蝙蝠 卡片册 材料包,12.9,http://archive.taobao.com/auction/item_detail-0dbh-33660742ea8519ce495f35d5b6a0a8ef.jhtml,http://dsc05.taobao.com/i5/330/600/33660742ea8519ce495f35d5b6a0a8ef/T1PD0DXk0xXXXXXXXX.desc|var^desc;sign^c00e988db7c6a372d852d250c2e95f7b;lang^gbk;t^1277182272
不织布DIY材料包 黄色 黑猫 卡套 卡片册 材料包,12.9,http://archive.taobao.com/auction/item_detail-0dbh-7e883a6d3036b9e9e575b196430e85e2.jhtml,http://dsc04.taobao.com/i4/7e1/831/7e883a6d3036b9e9e575b196430e85e2/T17nJDXoNCXXXXXXXX.desc|var^desc;sign^9b641919e63534d1dd43d7734253469f;lang^gbk;t^1277182149
不织布DIY材料包 可爱 粉色小熊 零钱包 材料包,9.9,http://archive.taobao.com/auction/item_detail-0dbh-51f80b368e92093c49556aea04938b6f.jhtml,http://dsc07.taobao.com/i7/511/801/51f80b368e92093c49556aea04938b6f/T1zpXEXXdXXXXXXXXX.desc|var^desc;sign^7199e6c3eddd7584b072c9cb2b45ef3e;lang^gbk;t^1277181896
不织布DIY材料包 小花 手机套/包 材料包,9.9,http://archive.taobao.com/auction/item_detail-0dbh-e2754002c53695a9251777710251ef75.jhtml,http://dsc03.taobao.com/i3/e20/540/e2754002c53695a9251777710251ef75/T1qEpDXgVnXXXXXXXX.desc|var^desc;sign^e168c3908fdf58030c700e8aa2024d85;lang^gbk;t^1277181778
不织布DIY材料包 小猴子 零钱包 材料包,9.9,http://archive.taobao.com/auction/item_detail-0dbh-87d2a1d3a34158c4078bc891e9438937.jhtml,http://dsc04.taobao.com/i4/871/2a0/87d2a1d3a34158c4078bc891e9438937/T1Ln0DXiXxXXXXXXXX.desc|var^desc;sign^b60587417d19dc5b75ad91b08a8a2864;lang^gbk;t^1277181655
不织布DIY材料包 可爱 卡套 熊 材料包,9.9,http://archive.taobao.com/auction/item_detail-0dbh-c3e92bb83fa17edc2efe2b5a92c424f1.jhtml,http://dsc02.taobao.com/i2/c31/921/c3e92bb83fa17edc2efe2b5a92c424f1/T15_lDXa4JXXXXXXXX.desc|var^desc;sign^82589281e70c8aa420ad3bc8bc53e821;lang^gbk;t^1277181492
不织布DIY材料包 大嘴青蛙 相框 材料包,9.9,http://archive.taobao.com/auction/item_detail-0dbh-73554f82483a111e45fa033366245761.jhtml,http://dsc05.taobao.com/i5/730/541/73554f82483a111e45fa033366245761/T1q.BDXnBiXXXXXXXX.desc|var^desc;sign^4dc7e4586efcc0187a3aff359f8e4b66;lang^gbk;t^1277181286
不织布DIY材料包 黄奶油蛋糕 纸巾盒/套 材料包,19,http://archive.taobao.com/auction/item_detail-0dbh-4fe6bc617064a6e0e856af7a6a59ae51.jhtml,http://dsc01.taobao.com/i1/4f1/6b1/4fe6bc617064a6e0e856af7a6a59ae51/T1y.0DXcxbXXXXXXXX.desc|var^desc;sign^4350a7392ddebbdf4bad56dd6789084d;lang^gbk;t^1277180717
田田手工 MP3包 成品,12.9,http://archive.taobao.com/auction/item_detail-0dbh-c3625cb2c3b37ff3585e8d65ab1fed6c.jhtml,http://dsc08.taobao.com/i8/c30/251/c3625cb2c3b37ff3585e8d65ab1fed6c/T1W_dCXXBmXXXXXXXX.desc|var^desc;sign^85a474191d4f51a09531846a0134d9c8;lang^gbk;t^1276143480
田田手工 手机包 成品,15.9,http://archive.taobao.com/auction/item_detail-0dbh-4e0f4dade8810cc596a83b6e5f0d79f6.jhtml,http://dsc05.taobao.com/i5/4e0/f41/4e0f4dade8810cc596a83b6e5f0d79f6/T1dB0CXfpIXXXXXXXX.desc|var^desc;sign^77a181633a386a6b56520d25f1feef55;lang^gbk;t^1276143323
迪欧 不织布DIY 小可爱 零钱包 材料包,9.9,http://archive.taobao.com/auction/item_detail-0dbh-1c10bdae8ef92a69c1fe5dce43556b85.jhtml,http://dsc08.taobao.com/i8/1c0/0b1/1c10bdae8ef92a69c1fe5dce43556b85/T1iyxFXgdaXXXXXXXX.desc|var^desc;sign^151c00afb7ea82e1fca610649c5c3ec9;lang^gbk;t^1278646228
迪欧 不织布DIY 小可爱 零钱包 成品,18.8,http://archive.taobao.com/auction/item_detail-0dbh-b0a8e24f286660eef70150c35baaee79.jhtml,http://dsc01.taobao.com/i1/b01/8e0/b0a8e24f286660eef70150c35baaee79/T1LS8CXiRnXXXXXXXX.desc|var^desc;sign^4b2e68446e3ea8509fc55d3a0f1cdbb7;lang^gbk;t^1276142785
迪欧 不织布DIY 冒泡泡的小鱼 卡包 成品,22.8,http://archive.taobao.com/auction/item_detail-0dbh-c403e7f4eedb9e6dfbd936010af1dbdf.jhtml,http://dsc04.taobao.com/i4/c40/3e0/c403e7f4eedb9e6dfbd936010af1dbdf/T1KTRCXb4XXXXXXXXX.desc|var^desc;sign^5417a0515b8957aae06db6a683b61c94;lang^gbk;t^1276142308
迪欧 不织布DIY 冒泡泡的小鱼 卡包 材料包,7.9,http://archive.taobao.com/auction/item_detail-0dbh-996ab8738b0775fbee5c9bfc64fcf7fb.jhtml,http://dsc05.taobao.com/i5/990/ab1/996ab8738b0775fbee5c9bfc64fcf7fb/T1TxRFXelpXXXXXXXX.desc|var^desc;sign^09ee3c957df97d877abf3a09f1334c24;lang^gbk;t^1278646241
迪欧 不织布DIY 猫咪 卡包 材料包,7.9,http://archive.taobao.com/auction/item_detail-0dbh-dac226f1b3b6a0a1b29ccb2e91b68615.jhtml,http://dsc08.taobao.com/i8/da1/220/dac226f1b3b6a0a1b29ccb2e91b68615/T1V5pFXeXcXXXXXXXX.desc|var^desc;sign^4c742732a9513a745e0e73877834b5f6;lang^gbk;t^1278646251
迪欧 不织布DIY 猫咪 卡包 成品,22.8,http://archive.taobao.com/auction/item_detail-0dbh-c7068561d2b4eb2b7dbf743520aa7138.jhtml,http://dsc05.taobao.com/i5/c70/680/c7068561d2b4eb2b7dbf743520aa7138/T19_hCXoRjXXXXXXXX.desc|var^desc;sign^aec3184d11883015091bb430e41bb24b;lang^gbk;t^1276141749
迪鸥 不织布DIY材料包 迷你熊 开关贴材料包,9.9,http://archive.taobao.com/auction/item_detail-0dbh-ce826ddb7c3007db71d642d90ed8837c.jhtml,http://dsc06.taobao.com/i6/ce1/261/ce826ddb7c3007db71d642d90ed8837c/T19zBCXaNrXXXXXXXX.desc|var^desc;sign^cee39fe6c3f41f5925d6fb8b4a0edd8d;lang^gbk;t^1275969996
迪鸥 不织布DIY材料包 林间小屋开关贴材料包,9.9,http://archive.taobao.com/auction/item_detail-0dbh-89f5af887736d321519e2bee4da3fb6f.jhtml,http://dsc05.taobao.com/i5/891/5a1/89f5af887736d321519e2bee4da3fb6f/T1P68CXc0fXXXXXXXX.desc|var^desc;sign^c59777f4ffc23aee99ea00049d9ebdeb;lang^gbk;t^1275969913
迪鸥不织布DIY材料包 扬帆起航桌垫杯垫材料包,9.9,http://archive.taobao.com/auction/item_detail-0dbh-eabf53ffc2693372704e17c35e43aba6.jhtml,http://dsc01.taobao.com/i1/ea1/f50/eabf53ffc2693372704e17c35e43aba6/T1z5tCXkXJXXXXXXXX.desc|var^desc;sign^7e2f991de93ffefdc8c77eea5b092481;lang^gbk;t^1275969682
迪鸥 不织布DIY材料包 寅年吉吉纸抽筒材料包,19.9,http://archive.taobao.com/auction/item_detail-0dbh-c61e8b9bfb8240598393cfcf40969c76.jhtml,http://dsc06.taobao.com/i6/c60/e81/c61e8b9bfb8240598393cfcf40969c76/T1zjVCXlRjXXXXXXXX.desc|var^desc;sign^f5632c56cacd14cc6813de8ac78d0e46;lang^gbk;t^1275969555
迪鸥 不织布DIY材料包 Happy Day 纸抽筒材料包,9.9,http://archive.taobao.com/auction/item_detail-0dbh-dbe8709688efd4eb38be9bd2d2d16401.jhtml,http://dsc07.taobao.com/i7/db1/870/dbe8709688efd4eb38be9bd2d2d16401/T1MPJCXdFnXXXXXXXX.desc|var^desc;sign^eca74b3e961f247850dd1bd416488f47;lang^gbk;t^1275967513
冬天超保暖时尚帽子*针织帽*毛线帽*保暖帽,35,http://archive.taobao.com/auction/item_detail-0dbh-6fa181283b83dde08bbc4eddd1a39375.jhtml,http://dsc02.taobao.com/i2/6f1/180/6fa181283b83dde08bbc4eddd1a39375/T1aLNpXm0zXXXXXXXX.desc|var^desc;sign^0674b8de873dffa0e174d0a620b9447d;lang^gbk;t^1259905294
★新品推荐★新款 连指 毛绒 兔兔 帆布 暖和 手套,18,http://archive.taobao.com/auction/item_detail-0dbh-6430eb10169218a3cbec9fdf66bafb53.jhtml,http://dsc04.taobao.com/i4/640/0e1/6430eb10169218a3cbec9fdf66bafb53/T1af4pXoBsXXXXXXXX.desc|var^desc;sign^cbb03f52ffa835e868cc1b115276ca49;lang^gbk;t^1259904773
★新品推荐★新款 半截 连指毛线 手套 电脑族 挚爱 玫红/粉红,15,http://archive.taobao.com/auction/item_detail-0dbh-a26931868469680e9851371106db1d55.jhtml,http://dsc05.taobao.com/i5/a20/930/a26931868469680e9851371106db1d55/T1zgppXc8gXXXXXXXX.desc|var^desc;sign^62279b708a9d9c3028671b85b818df14;lang^gbk;t^1259904542
新品上架_09冬季新款 可爱 毛绒 分指/ 五指手套 粉红/玫红,18,http://archive.taobao.com/auction/item_detail-0dbh-165092bf2b438892c103e62349114745.jhtml,http://dsc02.taobao.com/i2/160/090/165092bf2b438892c103e62349114745/T142VpXj4uXXXXXXXX.desc|var^desc;sign^95ddba84cf3e5c786fccae8393384fa2;lang^gbk;t^1259904282
★新品推荐★喜洋洋 毛绒拖鞋 包底拖鞋 玫红/蓝,14.8,http://archive.taobao.com/auction/item_detail-0dbh-64a26d1933acbd100c8ac4f440002669.jhtml,http://dsc03.taobao.com/i3/641/261/64a26d1933acbd100c8ac4f440002669/T1MshnXdReXXXXXXXX.desc|var^desc;sign^40cb1e1853e5e4054311c46eb3b7454d;lang^gbk;t^1256478794
★新品推荐★男士 毛绒拖鞋 居家拖鞋 三色 浅灰/黑/深灰,22,http://archive.taobao.com/auction/item_detail-0dbh-8c345904d9e88b5ade330b2a5a8fe8df.jhtml,http://dsc04.taobao.com/i4/8c0/451/8c345904d9e88b5ade330b2a5a8fe8df/T1R.FnXlNCXXXXXXXX.desc|var^desc;sign^c5ca9c8206e56e1046df00a3583f3477;lang^gbk;t^1257732897
★新品推荐★ 条纹 花朵淑女拖鞋 毛绒拖鞋 粉红/浅蓝/浅黄,22,http://archive.taobao.com/auction/item_detail-0dbh-81d8d3bedab2a75e83371e4dae181dc0.jhtml,http://dsc01.taobao.com/i1/811/8d0/81d8d3bedab2a75e83371e4dae181dc0/T1zspnXaJcXXXXXXXX.desc|var^desc;sign^885b33ef6f4d79b28957ceb715bb1efd;lang^gbk;t^1256478884
★新品推荐★清新花朵淑女超爱 家居拖鞋 毛绒拖鞋 浅紫/浅蓝,22,http://archive.taobao.com/auction/item_detail-0dbh-9976437506eac102f8ce75a866950c27.jhtml,http://dsc04.taobao.com/i4/990/640/9976437506eac102f8ce75a866950c27/T1BcxnXjlXXXXXXXXX.desc|var^desc;sign^bd5c91ff63179f55b9b938a59966eb3d;lang^gbk;t^1256478892
★新品推荐★ 新品 帆布 零钱包 海绵宝宝/小孩脸/小猴子,8,http://archive.taobao.com/auction/item_detail-0dbh-44eaffc4bf89777aec90cad4d393fe30.jhtml,http://dsc05.taobao.com/i5/441/af1/44eaffc4bf89777aec90cad4d393fe30/T17q4nXo0FXXXXXXXX.desc|var^desc;sign^79d13582419576840092bad6e80f261e;lang^gbk;t^1256440782
★新品推荐★ 最新 零钱包 机器猫/凯蒂兔/大嘴猴,5,http://archive.taobao.com/auction/item_detail-0dbh-22f6243e01ec93e4f6b99fcc98d5bc6c.jhtml,http://dsc07.taobao.com/i7/221/620/22f6243e01ec93e4f6b99fcc98d5bc6c/T1zbtnXbtxXXXXXXXX.desc|var^desc;sign^68e799fb66ffbb390212fce71aa222cd;lang^gbk;t^1256440598
★新品推荐★最新 手机包 软皮质 kitty/熊/可爱表情,8,http://archive.taobao.com/auction/item_detail-0dbh-9194991d8978258bd3bb5a5683b9f142.jhtml,http://dsc05.taobao.com/i5/911/491/9194991d8978258bd3bb5a5683b9f142/T1MbdnXihBXXXXXXXX.desc|var^desc;sign^61f795530853b87de954cb2f1ebc6b67;lang^gbk;t^1256440469
★新品推荐★ 最新 手机包/零钱包/ 多个可爱 图案,6,http://archive.taobao.com/auction/item_detail-0dbh-83284131503fde400e1296d17e3a3c65.jhtml,http://dsc03.taobao.com/i3/830/840/83284131503fde400e1296d17e3a3c65/T1VYNnXdJpXXXXXXXX.desc|var^desc;sign^309fb9d2206224d9addc6feee3c72eca;lang^gbk;t^1256440243
★新品推荐★新款 海绵宝宝 帆布 化妆包/首饰袋/手机包,18,http://archive.taobao.com/auction/item_detail-0dbh-48f16aa82b3ef1bdda45dbae8e13fd04.jhtml,http://dsc08.taobao.com/i8/481/161/48f16aa82b3ef1bdda45dbae8e13fd04/T1RYRnXoNnXXXXXXXX.desc|var^desc;sign^552a6613631f27106a043a4f3aa083bc;lang^gbk;t^1256440031
★新品推荐★新款 可爱长颈鹿 帆布 化妆包/首饰袋/手机包,18,http://archive.taobao.com/auction/item_detail-0dbh-e6484f786473db7d5d26ac0b6539656b.jhtml,http://dsc05.taobao.com/i5/e60/841/e6484f786473db7d5d26ac0b6539656b/T1jW4nXf4IXXXXXXXX.desc|var^desc;sign^f781676f795e556fca81bcf922c1313b;lang^gbk;t^1256439885
★新品推荐★新款 可爱兔兔 帆布 化妆包/首饰袋/手机包,18,http://archive.taobao.com/auction/item_detail-0dbh-ebf56f64a347d7be1db5b074b4cbc865.jhtml,http://dsc04.taobao.com/i4/eb1/561/ebf56f64a347d7be1db5b074b4cbc865/T1hbBnXjBuXXXXXXXX.desc|var^desc;sign^46642fd8d17a83cdee8a76aa835ccd73;lang^gbk;t^1256439703
★新品推荐★新款木谷屋 帆布 小花 多用包/零钱包/手机袋,15,http://archive.taobao.com/auction/item_detail-0dbh-960f4325824c4c2d4c120104f8b0bb66.jhtml,http://dsc05.taobao.com/i5/960/f40/960f4325824c4c2d4c120104f8b0bb66/T1GrRnXnVnXXXXXXXX.desc|var^desc;sign^62821954d451fec61cf5459472b56eaf;lang^gbk;t^1256439365
新品-樱桃小丸子/ kitty塑料 多用包/零钱包/笔袋粉红/大红,10,http://archive.taobao.com/auction/item_detail-0dbh- adf1291b534b351afb05f37e676ea9cb.jhtml,http://dsc08.taobao.com/i8/ad1/121/adf1291b534b351afb05f37e676ea9cb/T1ZHxnXkRuXXXXXXXX.desc|var^desc;sign^be52c137fc6593d3d9e4a78218a60f95;lang^gbk;t^1256439059
★新品推荐★ domo 大嘴人多用包/零钱包/手机袋/化妆包,15,http://archive.taobao.com/auction/item_detail-0dbh-eb9fdd70d9dc76f4205a25d73276d294.jhtml,http://dsc04.taobao.com/i4/eb1/fd1/eb9fdd70d9dc76f4205a25d73276d294/T1rHRnXoVnXXXXXXXX.desc|var^desc;sign^6f22d4ab96fba5a4181d24584e88813f;lang^gbk;t^1256438835
★ 新品推荐★ metoo 可爱兔兔多用包/零钱包/手机袋/化妆包,15,http://archive.taobao.com/auction/item_detail- 0dbh-96cc69f0ef8cf3ec3d2270232e689770.jhtml,http://dsc01.taobao.com/i1/961/c61/96cc69f0ef8cf3ec3d2270232e689770/T1hYpnXhJxXXXXXXXX.desc|var^desc;sign^1cd35b7a258384c2c43d02563a8e6ccb;lang^gbk;t^1256438518
★ 新品推荐★ hellokitty 多用包/零钱包/手机袋/化妆包,15,http://archive.taobao.com/auction/item_detail- 0dbh-b82b4858523f5496bfc46a391fa47032.jhtml,http://dsc02.taobao.com/i2/b80/b41/b82b4858523f5496bfc46a391fa47032/T1_a4nXldEXXXXXXXX.desc|var^desc;sign^c7376f27ae21f10369667efe81c33b20;lang^gbk;t^1256438338
新款 半截 连指毛线 手套 电脑族 挚爱 黑/玫红/粉红/白,9,http://archive.taobao.com/auction/item_detail-0dbh-99552b4fed349fc8557f10f190f75c20.jhtml,http://dsc02.taobao.com/i2/990/521/99552b4fed349fc8557f10f190f75c20/T1kHJnXjRqXXXXXXXX.desc|var^desc;sign^e58c41e2ab69beeacecefb7c9f454ba1;lang^gbk;t^1256437373
★ 新款★ 半截 连指 毛绒 手套 hellokitty/喜洋洋 款粉红/蓝,16,http://archive.taobao.com/auction/item_detail-0dbh- 928766834aecaae79f36b8132ff8ab1f.jhtml,http://dsc05.taobao.com/i5/921/760/928766834aecaae79f36b8132ff8ab1f/T1zr0nXc0fXXXXXXXX.desc|var^desc;sign^994ccbaf8fc2e2e4c9a839747d525b2a;lang^gbk;t^1256437091
新款*咪兔双层加厚毛线手套 连指挂脖手套 卡通手套 玫红 粉红,22,http://archive.taobao.com/auction/item_detail-0dbh-46f4023b572dcbc2ae90b87098fb0959.jhtml,http://dsc04.taobao.com/i4/461/400/46f4023b572dcbc2ae90b87098fb0959/T1FH0nXc4eXXXXXXXX.desc|var^desc;sign^7adc00299a712e1357b47443a5ff0fad;lang^gbk;t^1256436807
秋冬新品 连指手套 花边 针织挂脖手套 粉红 紫色 奶白,20,http://archive.taobao.com/auction/item_detail-0dbh-6cc9643420219d1fb106c80899477d98.jhtml,http://dsc01.taobao.com/i1/6c1/960/6cc9643420219d1fb106c80899477d98/T1JHNnXaloXXXXXXXX.desc|var^desc;sign^fa5154e3b2ede46483df7c52a08550dd;lang^gbk;t^1256436599
09新款 彩条纹 针织连指毛线球手套 双层内带绒衬 紫/蓝/粉红,20,http://archive.taobao.com/auction/item_detail-0dbh-669875bb98bbb51f7c944fe6ad3ef53a.jhtml,http://dsc01.taobao.com/i1/661/870/669875bb98bbb51f7c944fe6ad3ef53a/T1jrXnXkpBXXXXXXXX.desc|var^desc;sign^1d72b29a223746f82d7d88dedcaee50c;lang^gbk;t^1256436259
09新款 彩条纹 针织连指手套 双层内带绒衬 深紫/玫红/粉红,20,http://archive.taobao.com/auction/item_detail-0dbh-75940f8ccfd89a0c61ed4cca03cb99c6.jhtml,http://dsc01.taobao.com/i1/751/401/75940f8ccfd89a0c61ed4cca03cb99c6/T1gbVnXiXlXXXXXXXX.desc|var^desc;sign^61b672b1cf4b43df45f5d9081b607627;lang^gbk;t^1256436000
新品上架__ 09冬季新款 可爱女生 熊熊图案 五指手套浅蓝/深紫,18,http://archive.taobao.com/auction/item_detail-0dbh- ad61f7f01d49acac22679fb98ba40c57.jhtml,http://dsc05.taobao.com/i5/ad0/1f0/ad61f7f01d49acac22679fb98ba40c57/T1prxnXXFuXXXXXXXX.desc|var^desc;sign^635a771c851e1437aa7cc7710e15f58c;lang^gbk;t^1256435691
新品上架_09冬季新款 可爱女生 心形图案 五指手套粉红/深紫,18,http://archive.taobao.com/auction/item_detail-0dbh- a3a26abe392f8c44d310f569af744b1d.jhtml,http://dsc02.taobao.com/i2/a31/261/a3a26abe392f8c44d310f569af744b1d/T1na4nXgXGXXXXXXXX.desc|var^desc;sign^38981320449fe72cba64b3ee14576ed0;lang^gbk;t^1256435450
★金玲家居★秋冬 新款 棉质 围巾 薄款 流苏 浅蓝色,28.8,http://archive.taobao.com/auction/item_detail-0dbh-52ab49eed93ad89c174201e9ba88bb1d.jhtml,http://dsc08.taobao.com/i8/521/b41/52ab49eed93ad89c174201e9ba88bb1d/T1lq4nXkNCXXXXXXXX.desc|var^desc;sign^1b39f2774d70fc5e4a3122844709620e;lang^gbk;t^1256405434
新品推荐★09 新款 柔滑 棉质 格子 围巾 流苏 粉红 深蓝,28.8,http://archive.taobao.com/auction/item_detail-0dbh-4be332a4179add46ed3151c872a45c3f.jhtml,http://dsc06.taobao.com/i6/4b1/330/4be332a4179add46ed3151c872a45c3f/T1jHNnXgdkXXXXXXXX.desc|var^desc;sign^7aeb14b4a68084ccef2f91fc78438746;lang^gbk;t^1256405189
★新品推荐★ 外贸单。日系田园清新 流苏 棉质 大方巾围巾 粉红,28.8,http://archive.taobao.com/auction/item_detail-0dbh-d61f98a1d4ae3440a42781da2974e363.jhtml,http://dsc05.taobao.com/i5/d60/f91/d61f98a1d4ae3440a42781da2974e363/T18WVnXbBLXXXXXXXX.desc|var^desc;sign^347c199229bd8b85e44f8a9abbfcd13f;lang^gbk;t^1256404804
★新品推荐★09新款韩版围巾 格子大方巾の紫色 流苏,15.8,http://archive.taobao.com/auction/item_detail-0dbh-d1a055d7aba6de426b359f8414943d0f.jhtml,http://dsc01.taobao.com/i1/d11/050/d1a055d7aba6de426b359f8414943d0f/T1MbNnXh8jXXXXXXXX.desc|var^desc;sign^4ceb2156b59b4aa2635f40f7333e43c3;lang^gbk;t^1256404516
★新品推荐★经典英伦格子围巾 女士围巾 薄款 流苏 黑白 大方巾,16.8,http://archive.taobao.com/auction/item_detail-0dbh-17ca7cb4334bd564a2de9d6ba8b1c1d6.jhtml,http://dsc07.taobao.com/i7/171/a71/17ca7cb4334bd564a2de9d6ba8b1c1d6/T1LHJnXX4lXXXXXXXX.desc|var^desc;sign^cb0d7631b06e6c577be5378c4c98e944;lang^gbk;t^1256404215
★ 新品推荐★ 09棉质 格子 女士围巾 薄款 流苏 黑紫色大方巾,15.8,http://archive.taobao.com/auction/item_detail-0dbh- 416372719d1edf33396ed8448f6a5637.jhtml,http://dsc08.taobao.com/i8/410/370/416372719d1edf33396ed8448f6a5637/T1cYlnXg0tXXXXXXXX.desc|var^desc;sign^d240589c08064597d066fb79c801bf64;lang^gbk;t^1256403940
可爱悠嘻猴MM多用靠垫&被子/空调被100*150CM(棕色),32,http://archive.taobao.com /auction/item_detail-0dbh-9edc430ce518a7ebde0282e2828bffbd.jhtml,http://dsc08.taobao.com/i8/9e1/c40/9edc430ce518a7ebde0282e2828bffbd/T1Bz0jXcIltJNXXXXX.desc|var^desc;sign^4691fb461e2a606bbf8f2bb1893f2ec8;lang^gbk;t^1246939954
可爱米奇多用靠垫&被子/空调被100*150CM(棕色),32,http://archive.taobao.com/auction/item_detail-0dbh-99b1c1689367008187817c97ac5e101b.jhtml,http://dsc08.taobao.com/i8/991/1c0/99b1c1689367008187817c97ac5e101b/T1ja0iXhtkfJNXXXXX.desc|var^desc;sign^3a31f3678d675c02c83f5491b17e4e4c;lang^gbk;t^1243221548
可爱小叮当多用靠垫&被子/空调被100*150CM(蓝色),32,http://archive.taobao.com/auction /item_detail-0dbh-9bff1c9d394e79eba3e85ba925c44bbd.jhtml,http://dsc03.taobao.com/i3/9b1/f11/9bff1c9d394e79eba3e85ba925c44bbd/T1ZzVjXcsotJNXXXXX.desc|var^desc;sign^0a97fd94e6211e557d5884813006f8fe;lang^gbk;t^1246939969
可爱奶牛多用靠垫&被子/空调被100*150CM(白色),32,http://archive.taobao.com/auction/item_detail-0dbh-e1a9cf9045f90b1367a40efc9d01b66e.jhtml,http://dsc04.taobao.com/i4/e11/9c1/e1a9cf9045f90b1367a40efc9d01b66e/T1tj0jXkIltJNXXXXX.desc|var^desc;sign^4ff7ed03df5d6164c3b1f09757324301;lang^gbk;t^1246939985
毛绒玩具 南韩绒 熊掌靠垫/熊掌抱枕/熊掌坐垫,22,http://archive.taobao.com/auction/item_detail-0dbh-cdfdd7692267cffd1fc2b3a1f2f2233b.jhtml,http://dsc05.taobao.com/i5/cd1/dd0/cdfdd7692267cffd1fc2b3a1f2f2233b/T1OjVjXiArtJNXXXXX.desc|var^desc;sign^d58d366dfb3dd45b5a70b6c74c119ce0;lang^gbk;t^1246940322
毛绒玩具 /德国Nici/抱心形长颈鹿/狮子手机座 摇控器座,10,http://archive.taobao.com/auction/item_detail-0dbh-d805f5c4b6a5dd7c14c7ca6e03f949d3.jhtml,http://dsc06.taobao.com/i6/d80/5f0/d805f5c4b6a5dd7c14c7ca6e03f949d3/T1ja0iXfhkfJNXXXXX.desc|var^desc;sign^f407dc0dfc08f9f208ba0fcad8fbacff;lang^gbk;t^1243221511
最新上架__[喜洋洋与灰太狼]之喜羊羊与美羊羊 40cm,32,http://archive.taobao.com/auction/item_detail-0dbh-cb3f0f773a771ef74704016cd2884b57.jhtml,http://dsc07.taobao.com/i7/cb0/f01/cb3f0f773a771ef74704016cd2884b57/T1C.dhXmy8d0NXXXXX.desc|var^desc;sign^c40b3813e4d64682d5f9dcc26634e34f;lang^gbk;t^1242791372
粉红 可爱 米奇图案 糖果枕头/MM最爱/节日礼物,28,http://archive.taobao.com/auction/item_detail-0dbh-ec50fd0e76c37d57a9ab593880a287fc.jhtml,http://dsc08.taobao.com/i8/ec0/0f1/ec50fd0e76c37d57a9ab593880a287fc/T1xzVjXfQstJNXXXXX.desc|var^desc;sign^4ce9c19ed596f195247c8c1b5e44e110;lang^gbk;t^1246940303
最新上架__可爱熊熊手机座/车载/办公/家居,10,http://archive.taobao.com/auction/item_detail-0dbh-13787cebdc86a4b621e146a68fe1351f.jhtml,http://dsc06.taobao.com/i6/130/871/13787cebdc86a4b621e146a68fe1351f/T1_.XhXkO3d0NXXXXX.desc|var^desc;sign^9767a9ec5761b9f85f4b61d3b608520b;lang^gbk;t^1242791334
最新上架正版韩国Metoo棕色可爱熊熊存钱罐 储钱罐 25cm,18,http://archive.taobao.com/auction/item_detail-0dbh-d793075549365334fad93b60c82b5816.jhtml,http://dsc02.taobao.com/i2/d71/300/d793075549365334fad93b60c82b5816/T16aViXmFffJNXXXXX.desc|var^desc;sign^87c64190d07f538c55d25d28ec29f16d;lang^gbk;t^1243221416
粉色/浅棕色大尾巴松鼠\可爱松鼠车载挂件/MM最爱,25,http://archive.taobao.com/auction/item_detail-0dbh-b2917b23bf67bdca3afe0a45c30fffc7.jhtml,http://dsc07.taobao.com/i7/b21/171/b2917b23bf67bdca3afe0a45c30fffc7/T1_WRiXorSftNXXXXX.desc|var^desc;sign^eb917c81cf6a5b917eedb5033e6adf3b;lang^gbk;t^1243221775
新款手感超柔奶白色害羞微笑狗/趴趴狗/车载/家居,32,http://archive.taobao.com/auction/item_detail-0dbh-6c74e013ff8bbf9f992dab3e2ed1797b.jhtml,http://dsc05.taobao.com/i5/6c0/4e0/6c74e013ff8bbf9f992dab3e2ed1797b/T1xW0iXglnfJNXXXXX.desc|var^desc;sign^00efbb5788c5a22cb88d120883bf7fc4;lang^gbk;t^1243221733
超人气叮当猫/hellokitty/充气凳子/充气沙发(带充气筒),25,http://archive.taobao.com/auction /item_detail-0dbh-349f4f1b3b222b2a57f49675e4ab9a4c.jhtml,http://dsc02.taobao.com/i2/341/f41/349f4f1b3b222b2a57f49675e4ab9a4c/T1n6VjXcostJNXXXXX.desc|var^desc;sign^2d54769e48acfd50ddff0405cf6aba1b;lang^gbk;t^1246940267
凡购物 即可曾送 ★冲心特价日韩磁性动物冰箱贴 便条夹 便签夹,2,http://archive.taobao.com/auction/item_detail-0dbh-f7f557b01e2ef3a0cc390f5983f94831.jhtml,http://dsc04.taobao.com/i4/f71/550/f7f557b01e2ef3a0cc390f5983f94831/T1LtRnXl8XXXXXXXXX.desc|var^desc;sign^3abb142ab63c7a3b49abcce77db9d6c5;lang^gbk;t^1256613825
★新品推荐★网络热卖*兔斯基毛绒公仔挂件/钥匙扣/手机链,10,http://archive.taobao.com/auction/item_detail-0dbh-df417aa3e8536efb045c11b22f491875.jhtml,http://dsc02.taobao.com/i2/df0/171/df417aa3e8536efb045c11b22f491875/T1U_BjXXS3vtNXXXXX.desc|var^desc;sign^c0ef1170771bbbd63cba4a92c0195140;lang^gbk;t^1247376974
★新品推荐★宝宝猪可爱手机挂件,8,http://archive.taobao.com/auction/item_detail-0dbh-b6007cb23f2ba7ce7efe0fc3e6a5c73b.jhtml,http://dsc07.taobao.com/i7/b60/071/b6007cb23f2ba7ce7efe0fc3e6a5c73b/T1kTBjXc54vtNXXXXX.desc|var^desc;sign^f7faa4786d923b91f567db0f051a4a9f;lang^gbk;t^1247376987
水晶长颈兔纸巾座(创意家居、纸抽/纸架/纸筒),12.5,http://archive.taobao.com/auction/item_detail-0dbh-1e87d5e8bf280a4bb4bc5a7e1c947b78.jhtml,http://dsc07.taobao.com/i7/1e1/7d0/1e87d5e8bf280a4bb4bc5a7e1c947b78/T1SDFjXoa2vtNXXXXX.desc|var^desc;sign^f7cf26770e917c03d44f09149c0d5590;lang^gbk;t^1247377024
满50元 即可曾送 韩国卡通动物木质可爱笔筒/笔插/笔座可放照片,5.5,http://archive.taobao.com/auction/item_detail-0dbh-25f2712c292ccaa8e7e77aa903e87a98.jhtml,http://dsc05.taobao.com/i5/251/270/25f2712c292ccaa8e7e77aa903e87a98/T1ms8nXbNtXXXXXXXX.desc|var^desc;sign^a0e5fb285d73b48f83a3b4323d53dd82;lang^gbk;t^1256613871
满50元 即可赠送 卡通动物木质可爱笔筒/笔插/笔座可做便签夹,5.5,http://archive.taobao.com/auction/item_detail-0dbh-928c45924a3abe6cc2b7a7bd1ada8b60.jhtml,http://dsc07.taobao.com/i7/921/c40/928c45924a3abe6cc2b7a7bd1ada8b60/T1PIVnXoBHXXXXXXXX.desc|var^desc;sign^568735dc099d7fde1cb5e541ebb32b24;lang^gbk;t^1256613913
满30元 即可赠送 超热卖韩版 各色人物软陶圆珠笔 4.5元/个,3.5,http://archive.taobao.com/auction/item_detail-0dbh-9ba91980362ae297f6e5beceb18b97e6.jhtml,http://dsc06.taobao.com/i6/9b1/911/9ba91980362ae297f6e5beceb18b97e6/T19JpnXbFhXXXXXXXX.desc|var^desc;sign^7faa2f6a774b12fb49bf5f6a99e53345;lang^gbk;t^1256613938
★ 冲心特价【手工木质可爱小夹子 小兔&小熊&小猫满20元即可换购,0.8,http://archive.taobao.com/auction/item_detail-0dbh- 08873daf7fb3027659f43cc5ea8068fa.jhtml,http://dsc04.taobao.com/i4/081/731/08873daf7fb3027659f43cc5ea8068fa/T1azReXgEINdJXXXXX.desc|var^desc;sign^746034d24207f3ddd8e5bbabba70e77a;lang^gbk;t^1235284449
满 50元 即可赠送 银行防磁卡包 卡套 卡夹 名片夹 10片装环保,5,http://archive.taobao.com/auction/item_detail-0dbh- 5de0ac0c19a1bb190e851604e3337ffe.jhtml,http://dsc03.taobao.com/i3/5d1/0a1/5de0ac0c19a1bb190e851604e3337ffe/T1NdpnXilhXXXXXXXX.desc|var^desc;sign^395d40ef0550c6e8dba3dd631071b836;lang^gbk;t^1256613967
晴雨娃娃存钱罐/储蓄罐 祈福娃娃 风信子,12,http://archive.taobao.com/auction/item_detail-0dbh-613cf84e7af7d9a978ba5073d5529f41.jhtml,http://dsc04.taobao.com/i4/610/cf1/613cf84e7af7d9a978ba5073d5529f41/T1UzJeXnOGNdJXXXXX.desc|var^desc;sign^34ab2db9ea6c7ce1b495ed6c67c6a554;lang^gbk;t^1235283573
超可爱悠禧猴双脚保暖棉拖鞋看电视电脑族冬季必备,45,http://archive.taobao.com/auction/item_detail-0dbh-02e81f93d5483b6ec748c72887709834.jhtml,http://dsc08.taobao.com/i8/021/811/02e81f93d5483b6ec748c72887709834/T1mGViXbf1ftNXXXXX.desc|var^desc;sign^1dbb8601ba83dcbc10d28a2183738582;lang^gbk;t^1243221396
新款韩国正版metoo白色兔子头*抱枕*靠垫*圣诞礼物 ,46.8,http://archive.taobao.com/auction/item_detail-0dbh-85723b8210a16558118e98fd476ec2a6.jhtml,http://dsc03.taobao.com/i3/850/231/85723b8210a16558118e98fd476ec2a6/T1bVddXjs3kdJXXXXX.desc|var^desc;sign^1e827d4f117307629e49534b6bfbaa50;lang^gbk;t^1228189827
星星造型-兔斯基图案的粉色毛绒靠垫-QQ表情推荐造型 蓝色 ,40.8,http://archive.taobao.com/auction/item_detail-0dbh-5f7d8760b9d8a2fe36960147dee4bea1.jhtml,http://dsc02.taobao.com/i2/5f0/d80/5f7d8760b9d8a2fe36960147dee4bea1/T14pXdXhhgFEBXXXXX.desc|var^desc;sign^195e37d09d11168a4a63ff46c867d3e8;lang^gbk;t^1230978896
星星造型-兔斯基图案的粉色毛绒靠垫-QQ表情推荐造型 粉色 ,40.8,http://archive.taobao.com/auction/item_detail-0dbh-4f3c13265a4e9db70c1e89cca15b1dca.jhtml,http://dsc06.taobao.com/i6/4f0/c10/4f3c13265a4e9db70c1e89cca15b1dca/T1mU8cXl5pFABXXXXX.desc|var^desc;sign^0b79bd084fb76065f84147f5fcb18279;lang^gbk;t^1230978907
新款韩国Metoo黄色太阳花狮子存钱罐 储钱罐 25cm,18,http://archive.taobao.com/auction/item_detail-0dbh-4d6d444754a8c1f07963981e065c4154.jhtml,http://dsc08.taobao.com/i8/4d0/d40/4d6d444754a8c1f07963981e065c4154/T1Ta0iXdtmfJNXXXXX.desc|var^desc;sign^d7fe4182befabe817af5eb4006cf5735;lang^gbk;t^1243221243
新款韩国Metoo蓝色了绿叶大象存钱罐 储钱罐 25cm ,22.8,http://archive.taobao.com/auction/item_detail-0dbh-2c993fdb81fb2472791cac6b5a735b65.jhtml,http://dsc07.taobao.com/i7/2c1/931/2c993fdb81fb2472791cac6b5a735b65/T1P_lcXllnidJXXXXX.desc|var^desc;sign^0ec4d97d5fa8d2700cd6a47e65d3ab5f;lang^gbk;t^1227103567
新款韩国Metoo黄色兔子/胡萝卜存钱罐 储钱罐 25cm,18,http://archive.taobao.com/auction/item_detail-0dbh-e62fdc29f6c1f75fe79549f435fcbad9.jhtml,http://dsc08.taobao.com/i8/e60/fd1/e62fdc29f6c1f75fe79549f435fcbad9/T1pW0iXgVkfJNXXXXX.desc|var^desc;sign^0d68ca024594790b8eedab55aaa3e040;lang^gbk;t^1243221261
特价促销 卡通毛绒拖鞋/居家拖鞋/全包保暖拖鞋/地板拖鞋 浅黄,15,http://archive.taobao.com/auction/item_detail-0dbh-2e622ce1446937e7265ff1d14de44ee2.jhtml,http://dsc02.taobao.com/i2/2e0/221/2e622ce1446937e7265ff1d14de44ee2/T1jaViXmnYftNXXXXX.desc|var^desc;sign^9e65c3192f8df4c738be52970a92b7d4;lang^gbk;t^1243221387
卡通喜洋洋毛绒拖鞋/居家拖鞋/全包保暖拖鞋/地板拖鞋 粉红,20,http://archive.taobao.com/auction/item_detail-0dbh-0649de497171303502e9e1db41ced5e3.jhtml,http://dsc07.taobao.com/i7/060/9d1/0649de497171303502e9e1db41ced5e3/T1hSlcXdFwg0JXXXXX.desc|var^desc;sign^b0534f85630abbbc4b499c842da94806;lang^gbk;t^1226821389
特价促销 樱桃小丸子毛绒拖鞋/居家拖鞋/全包保暖拖鞋 浅蓝,16.9,http://archive.taobao.com/auction/item_detail-0dbh-24da7012d025f628e4a80d0839cc689f.jhtml,http://dsc06.taobao.com/i6/241/a70/24da7012d025f628e4a80d0839cc689f/T1jClcXaFxg0JXXXXX.desc|var^desc;sign^053e0cd646dfa7e2bf02851a25d5ceb3;lang^gbk;t^1228703942
特价促销 冲心*秋冬家居拖鞋*卡通小熊拖鞋*毛绒拖鞋* 浅黄,14.9,http://archive.taobao.com/auction/item_detail-0dbh-adfe8e88249e1ebd2285656e3b567d21.jhtml,http://dsc07.taobao.com/i7/ad1/e81/adfe8e88249e1ebd2285656e3b567d21/T1URFeXlJTOtJXXXXX.desc|var^desc;sign^b089ac0eb7c5c5dbe1fc3cc7d98d66e4;lang^gbk;t^1235563788
冲心*秋冬家居拖鞋*卡通小牛拖鞋*毛绒拖鞋* 粉红,18,http://archive.taobao.com/auction/item_detail-0dbh-a6ae24b2c3294826f367f5e3ddfae742.jhtml,http://dsc01.taobao.com/i1/a61/e20/a6ae24b2c3294826f367f5e3ddfae742/T1qSpcXh_Jg0JXXXXX.desc|var^desc;sign^32350ed66f885b4a085618dca92166fb;lang^gbk;t^1226819748
冲心*秋冬家居拖鞋*卡通hellokitty拖鞋*毛绒软底拖鞋* 粉红,18,http://archive.taobao.com/auction/item_detail-0dbh- 96373fbe061f32a201ad3f87acacd06f.jhtml,http://dsc01.taobao.com/i1/960/731/96373fbe061f32a201ad3f87acacd06f/T16ShcXfhLC7BXXXXX.desc|var^desc;sign^e3ed1664a6fb79428c4e1a4457a438ba;lang^gbk;t^1226818900
特价促销 冲心*秋冬家居拖鞋*卡通小猴拖鞋*毛绒拖鞋* 浅黄,14.9,http://archive.taobao.com/auction/item_detail-0dbh-0a4def8a19edfc68ed33dd9c24618eb1.jhtml,http://dsc06.taobao.com/i6/0a0/de1/0a4def8a19edfc68ed33dd9c24618eb1/T1plJeXldWOtJXXXXX.desc|var^desc;sign^d3f5100c1ae8387b1576198321193654;lang^gbk;t^1235563850
特价促销 小牛 居家拖鞋 卡通拖鞋 冬季拖鞋 半包 灰色,13,http://archive.taobao.com/auction/item_detail-0dbh-f7f6a22f361f3169cf36333e152b9fa2.jhtml,http://dsc08.taobao.com/i8/f71/6a0/f7f6a22f361f3169cf36333e152b9fa2/T1na0iXoVjfJNXXXXX.desc|var^desc;sign^af8ea2889310dafa2c1ba5774fefc6f6;lang^gbk;t^1243221296
特价促销 悠嘻猴 居家拖鞋 卡通拖鞋 冬季拖鞋 半包 浅黄色,13,http://archive.taobao.com/auction/item_detail-0dbh-bf05abd96ee4a1bb590123f4b816af6d.jhtml,http://dsc02.taobao.com/i2/bf0/5a1/bf05abd96ee4a1bb590123f4b816af6d/T15qRiXbnOftNXXXXX.desc|var^desc;sign^2d3eefa292ba3708991adb2d68a0e089;lang^gbk;t^1243221002
特价促销 悠嘻猴 居家拖鞋 卡通拖鞋 冬季拖鞋 半包 浅黄色,13,http://archive.taobao.com/auction/item_detail-0dbh-55f22f71cb65d5d1894c4e7e1252aec5.jhtml,http://dsc08.taobao.com/i8/551/221/55f22f71cb65d5d1894c4e7e1252aec5/T1iqViXhPVftNXXXXX.desc|var^desc;sign^81aeee78cce8c8a01e56d478ec9de4a5;lang^gbk;t^1243220992
特价促销 中国娃娃 居家拖鞋 卡通拖鞋 冬季拖鞋 半包 红色,13,http://archive.taobao.com/auction/item_detail-0dbh-692e4c8958558008995f0e447ff2bdff.jhtml,http://dsc05.taobao.com/i5/690/e41/692e4c8958558008995f0e447ff2bdff/T1aaViXcHSftNXXXXX.desc|var^desc;sign^53db1c543169b4b4adcc3b03a18a64bc;lang^gbk;t^1243221015
特价促销 LOVE兔 居家拖鞋 卡通拖鞋 冬季拖鞋 半包 黑色,13,http://archive.taobao.com/auction/item_detail-0dbh-378aa2eb8afd22d79375220b9a3809f0.jhtml,http://dsc08.taobao.com/i8/371/aa0/378aa2eb8afd22d79375220b9a3809f0/T1xG0iXipkfJNXXXXX.desc|var^desc;sign^82832b8ca5aaf49286a70ec70564390f;lang^gbk;t^1243220979
特价促销 喜洋洋 居家拖鞋 卡通拖鞋 冬季拖鞋 半包 蓝色,13,http://archive.taobao.com/auction/item_detail-0dbh-8d7233bc6f099f6ce794e52a72e43b22.jhtml,http://dsc01.taobao.com/i1/8d0/230/8d7233bc6f099f6ce794e52a72e43b22/T1PWViXbEFftNXXXXX.desc|var^desc;sign^e9c7933e0771efcfe01e9c39aecaba46;lang^gbk;t^1243220955
特价促销 喜洋洋 居家拖鞋 卡通拖鞋 冬季拖鞋 半包 粉色,13,http://archive.taobao.com/auction/item_detail-0dbh-e82c6150574ac07d3856159e80219da6.jhtml,http://dsc01.taobao.com/i1/e80/c60/e82c6150574ac07d3856159e80219da6/T16WViXfddfJNXXXXX.desc|var^desc;sign^3915bd80afbaf752d772f2ed63fa7abd;lang^gbk;t^1243220946
特价促销 KT猫咪 居家拖鞋 卡通拖鞋 冬季拖鞋 半包 粉色,13,http://archive.taobao.com/auction/item_detail-0dbh-1ec6c353e95068f7b1d5fb23b54af3bd.jhtml,http://dsc06.taobao.com/i6/1e1/6c0/1ec6c353e95068f7b1d5fb23b54af3bd/T1aq0iXbJgfJNXXXXX.desc|var^desc;sign^060966f3cb1123d519a3ffd7ecd8d559;lang^gbk;t^1243220966
特价促销 樱桃小丸子 居家拖鞋 卡通拖鞋 冬季拖鞋 半包 粉色,14.9,http://archive.taobao.com/auction/item_detail-0dbh-a312c3422773c98f2bd9f2d48f2ddf5b.jhtml,http://dsc07.taobao.com/i7/a30/2c0/a312c3422773c98f2bd9f2d48f2ddf5b/T1V9lcXi0XC3BXXXXX.desc|var^desc;sign^2cc36b75b0f64d10f28cfb5ad3a8217a;lang^gbk;t^1228703371
特价促销 小猫咪 居家拖鞋 卡通拖鞋 冬季拖鞋 半包,13,http://archive.taobao.com/auction/item_detail-0dbh-e69f102cd8438b1d4718dc807944d23c.jhtml,http://dsc02.taobao.com/i2/e61/f10/e69f102cd8438b1d4718dc807944d23c/T1HaViXdAfftNXXXXX.desc|var^desc;sign^5a188dac47ef9d1cf50b0821e81b8ecd;lang^gbk;t^1243220485
特价促销 小猫咪 居家拖鞋 卡通拖鞋 冬季拖鞋 半包,14.9,http://archive.taobao.com/auction/item_detail-0dbh-e27e5406e5c5677d77c09d3f491e8639.jhtml,http://dsc01.taobao.com/i1/e20/e50/e27e5406e5c5677d77c09d3f491e8639/T188VcXbBjCsBXXXXX.desc|var^desc;sign^dd20b5544f9bfff42809285c2497eef3;lang^gbk;t^1228704382
卡通LOVE兔毛绒拖鞋/居家拖鞋/全包保暖拖鞋/地板拖鞋,20,http://archive.taobao.com/auction/item_detail-0dbh-71e1008d23bfcd04a77c5eb09e657933.jhtml,http://dsc08.taobao.com/i8/711/100/71e1008d23bfcd04a77c5eb09e657933/T1nB0cXc4_gtJXXXXX.desc|var^desc;sign^942325a289c722a6bb45069b5cfc8677;lang^gbk;t^1226821933
新款香底/居家/时尚/可爱LOVE兔毛绒拖鞋 棉拖鞋 --粉红,28,http://archive.taobao.com/auction/item_detail-0dbh-855bba0833b671cc1c0ba68d0b30ba5a.jhtml,http://dsc07.taobao.com/i7/850/bb1/855bba0833b671cc1c0ba68d0b30ba5a/T1BRVcXdNoCABXXXXX.desc|var^desc;sign^27b17e02d8ce5efa4c24aeb92ab0902d;lang^gbk;t^1226652845
新款香底/居家/时尚/可爱猪猪毛绒拖鞋 棉拖鞋 --橘红,28,http://archive.taobao.com/auction/item_detail-0dbh-113ce49dca49981e50bf4bb1580e78a2.jhtml,http://dsc03.taobao.com/i3/110/ce0/113ce49dca49981e50bf4bb1580e78a2/T1T8VcXn0TgtJXXXXX.desc|var^desc;sign^f50e08ef7c34e7e75557a7a480e40e0a;lang^gbk;t^1226652014
新款香底/居家/时尚/可爱大头牛毛绒拖鞋 男式棉拖鞋 --棕色,28.8,http://archive.taobao.com/auction/item_detail-0dbh-b3ceaaa9e73034bc31737472c184e686.jhtml,http://dsc08.taobao.com/i8/b31/ea1/b3ceaaa9e73034bc31737472c184e686/T1WlRcXXFcCABXXXXX.desc|var^desc;sign^69f97029813cb2792a3a68d11aac1ef7;lang^gbk;t^1226634652
新款香底/居家/时尚/可爱大头牛毛绒拖鞋 男式棉拖鞋 --土黄,28.8,http://archive.taobao.com/auction/item_detail-0dbh-78aa183c3e0f1d37ec15ac21160761eb.jhtml,http://dsc07.taobao.com/i7/781/a11/78aa183c3e0f1d37ec15ac21160761eb/T12RRcXjQZgdJXXXXX.desc|var^desc;sign^b17729cd17d8658fe2b8bf1c4ca09c64;lang^gbk;t^1226634459
特价促销 新款香底/居家/时尚/可爱大头牛毛绒拖鞋 男式棉拖鞋,18,http://archive.taobao.com/auction/item_detail-0dbh-d9b8b4ee9c34db3692288c44a2e64a00.jhtml,http://dsc07.taobao.com/i7/d91/8b0/d9b8b4ee9c34db3692288c44a2e64a00/T12WRiXcbMftNXXXXX.desc|var^desc;sign^a1cf5d216112695edec73fb604c35121;lang^gbk;t^1243220859
新款香底/居家/时尚/可爱太阳花毛绒拖鞋 棉拖鞋 --蓝,25,http://archive.taobao.com/auction/item_detail-0dbh-9f0b1cf100bac9731333202967daca46.jhtml,http://dsc07.taobao.com/i7/9f0/b11/9f0b1cf100bac9731333202967daca46/T1r8NcXh0zCABXXXXX.desc|var^desc;sign^52f5638ab0ce621cb5939f44f56d7685;lang^gbk;t^1226633918
新款香底/居家/时尚/可爱大头牛毛绒拖鞋 棉拖鞋 --草绿,18,http://archive.taobao.com/auction/item_detail-0dbh-daa776069c49cec48412669b300a8d30.jhtml,http://dsc02.taobao.com/i2/da1/770/daa776069c49cec48412669b300a8d30/T1wG0iXoljfJNXXXXX.desc|var^desc;sign^aff988ff5046989efc03699ce6f03a29;lang^gbk;t^1243220826
特价促销 新款香底/居家/时尚/可爱大草莓毛绒拖鞋 棉拖鞋 --粉红,22.9,http://archive.taobao.com/auction/item_detail-0dbh- 4da377d64d02eb2323d21f0073d6b2b5.jhtml,http://dsc02.taobao.com/i2/4d1/370/4da377d64d02eb2323d21f0073d6b2b5/T1ABNcXgpvCsBXXXXX.desc|var^desc;sign^bc2c88744995eba2588cd8c7b418cbe5;lang^gbk;t^1228704070
特价促销 新款香底/居家/时尚/可爱小熊毛绒拖鞋 棉拖鞋 --粉红,22.9,http://archive.taobao.com/auction/item_detail-0dbh- 0b52fca68242b62189e1a3967cd31832.jhtml,http://dsc08.taobao.com/i8/0b0/2f1/0b52fca68242b62189e1a3967cd31832/T1olNcXniqgdJXXXXX.desc|var^desc;sign^593c23abd270072715e27474731e6337;lang^gbk;t^1228703972
可爱奶牛公仔 欢乐牛年(玫红/粉蓝)一对,45,http://archive.taobao.com/auction/item_detail-0dbh-7500dfdbb40f49de3e18e3aa7389e907.jhtml,http://dsc04.taobao.com/i4/750/0d1/7500dfdbb40f49de3e18e3aa7389e907/T1ZapEXjBvXXXXXXXX.desc|var^desc;sign^9946085082ac24cb48119f0becf768f8;lang^gbk;t^1277304939
韩国正版metoo超可爱兔子手机座 黄/绿色,10,http://archive.taobao.com/auction/item_detail-0dbh-1290599c5ac197b6c9053460e2c4097c.jhtml,http://dsc04.taobao.com/i4/121/051/1290599c5ac197b6c9053460e2c4097c/T13GViXo3_ftNXXXXX.desc|var^desc;sign^84a63a43612510515d60e80b899f0f4e;lang^gbk;t^1243219728
无纺布20格清雅兰花有盖收纳盒/内衣盒 红/紫/蓝 居家必备,9,http://archive.taobao.com/auction/item_detail-0dbh-1a08844875ee2d8bc3f9a13261402db6.jhtml,http://dsc02.taobao.com/i2/1a0/880/1a08844875ee2d8bc3f9a13261402db6/T1ETBjXlW4vtNXXXXX.desc|var^desc;sign^0361484afe8c6e23726fa91e27d805b0;lang^gbk;t^1247377038
无纺布16格清雅兰花有盖收纳盒/内衣盒 红/紫/蓝 居家必备,9.5,http://archive.taobao.com/auction/item_detail-0dbh-d34550617bbd026421e939edacf98cd8.jhtml,
无纺布12格清雅兰花有盖收纳盒/内衣盒 红/紫/蓝 居家必备,6,http://archive.taobao.com/auction/item_detail-0dbh-bc0600de5e3992647f9b05ba513ce980.jhtml,http://dsc02.taobao.com/i2/bc0/600/bc0600de5e3992647f9b05ba513ce980/T1LnBjXmS3vtNXXXXX.desc|var^desc;sign^3854b0a64a9d881481ba3539c7a4b351;lang^gbk;t^1247377086
新品上架__08冬季新款可爱女生必备双桃心加厚手套 玫红/粉红,12,http://archive.taobao.com/auction/item_detail-0dbh-c75c4006a8b7661f7633c54a3e016f16.jhtml,http://dsc06.taobao.com/i6/c70/c40/c75c4006a8b7661f7633c54a3e016f16/T1yG0iXbtifJNXXXXX.desc|var^desc;sign^eb871be8da4460de953655d045564d5e;lang^gbk;t^1243220252
新品上架__ 秋冬新款~粉色气质纽扣翻边毛线分指手套,10,http://archive.taobao.com/auction/item_detail-0dbh-457d50755c599109d26bae624ca7e476.jhtml,http://dsc02.taobao.com/i2/450/d50/457d50755c599109d26bae624ca7e476/T1DaViXcj.ftNXXXXX.desc|var^desc;sign^e8e3243d0435b1e3476e2e3bc8bea63e;lang^gbk;t^1243220152
新品上架__ 新款可爱玫红小女孩零钱包手套,8,http://archive.taobao.com/auction/item_detail-0dbh-3f38da9d84167b2f83256ba19f56f919.jhtml,http://dsc06.taobao.com/i6/3f0/8d1/3f38da9d84167b2f83256ba19f56f919/T1La0iXcg_ftNXXXXX.desc|var^desc;sign^31b20788f2f449898162f12ac619e65c;lang^gbk;t^1243220160
新品上架__韩版新款LOVE兔子/半指手套 天蓝/玫红/灰白,6,http://archive.taobao.com/auction/item_detail-0dbh-6886d83b9fbebd92dc235442ce83878b.jhtml,http://dsc08.taobao.com/i8/681/6d1/6886d83b9fbebd92dc235442ce83878b/T15qViXjhafJNXXXXX.desc|var^desc;sign^85cfb32ee313c0f40d14e1d0ac709d4b;lang^gbk;t^1243220179
新品上架__ 冬季必备卡哇伊小熊手套 黑白/粉红,22,http://archive.taobao.com/auction/item_detail-0dbh-a31fdbf1eabdd1643bd96e57c7b7cb12.jhtml,http://dsc02.taobao.com/i2/a30/fd1/a31fdbf1eabdd1643bd96e57c7b7cb12/T1lk0cXdtwBIBXXXXX.desc|var^desc;sign^39142559c4273ba0d98ab2b14d498a42;lang^gbk;t^1226410402
新品上架__08冬季新款可爱奶牛时尚主流连指手套 黑白色,20,http://archive.taobao.com/auction/item_detail-0dbh-0ff44bdf8ab620849de8f84d007863bb.jhtml,http://dsc08.taobao.com/i8/0f1/441/0ff44bdf8ab620849de8f84d007863bb/T1uQ0cXn8lBQBXXXXX.desc|var^desc;sign^cf3c38f39d86544f4ee0fb430981a065;lang^gbk;t^1226410528
08冬季新款可爱女生必备蝴蝶结分指手套(粉红/玫红/白/深紫）,18,http://archive.taobao.com/auction/item_detail-0dbh-eef98628e325a347ede6364650d274c2.jhtml,http://dsc08.taobao.com/i8/ee1/980/eef98628e325a347ede6364650d274c2/T1P70cXa0fBIBXXXXX.desc|var^desc;sign^b1351caaaecb8de62ac21ebae4d0bec5;lang^gbk;t^1227800496
新品上架__心型小毛球 暖暖毛线+平绒手套 粉红/玫红,20,http://archive.taobao.com/auction/item_detail-0dbh-11651eb25384689af242d1ef1f00fbd6.jhtml,http://dsc03.taobao.com/i3/110/511/11651eb25384689af242d1ef1f00fbd6/T12QRcXaxQBQBXXXXX.desc|var^desc;sign^0d2fe6b9368db883dd0f6e470024ed64;lang^gbk;t^1226410879
新品上架__冬季必备卡哇伊小浣熊五彩手套,22,http://archive.taobao.com/auction/item_detail-0dbh-c822b5a23b637f56a4dc88f3dc357bd9.jhtml,http://dsc04.taobao.com/i4/c80/2b0/c822b5a23b637f56a4dc88f3dc357bd9/T1_kVcXiVvBIBXXXXX.desc|var^desc;sign^d6fa901bd8648a81a9d9d2526452a36b;lang^gbk;t^1226411173
新品上架__韩版爱心针织双层毛绒连指手套 防寒 粉红,20,http://archive.taobao.com/auction/item_detail-0dbh-bcb0cd824bbdf52deb129830bbd388f7.jhtml,http://dsc06.taobao.com/i6/bc1/0c1/bcb0cd824bbdf52deb129830bbd388f7/T1gQ0cXbRtBUBXXXXX.desc|var^desc;sign^834fc845740c1aac58f5b314677c20d8;lang^gbk;t^1226411006
新品上架__可爱兔子绒毛手套 粉红,22,http://archive.taobao.com/auction/item_detail-0dbh-d36f7f51566778471611fcc5defa2c1b.jhtml,http://dsc03.taobao.com/i3/d30/f71/d36f7f51566778471611fcc5defa2c1b/T19ARcXot5fdJXXXXX.desc|var^desc;sign^7e50d1cced42f56bd7307416bf0acb5f;lang^gbk;t^1226411086
新品上架__ 冬季必备卡哇伊兔子手套 白色,16,http://archive.taobao.com/auction/item_detail-0dbh-080859d9925e90ae9bc8121c74fb72ed.jhtml,http://dsc02.taobao.com/i2/080/851/080859d9925e90ae9bc8121c74fb72ed/T17qViXiBafJNXXXXX.desc|var^desc;sign^fab958b65377061e90cc2c0fb66c5083;lang^gbk;t^1243220202
田园风情 蕾丝花 心型收纳篮/化妆品盒/遥控器盒,20,http://archive.taobao.com/auction/item_detail-0dbh-ccc0c998e0750fac7c48c25d08b242ad.jhtml,http://dsc03.taobao.com/i3/cc1/0c1/ccc0c998e0750fac7c48c25d08b242ad/T1tDBjXiK4vtNXXXXX.desc|var^desc;sign^b8a0183d589fee079c35f4240b4abab8;lang^gbk;t^1247377102
田园风情 蕾丝花 双耳长方形收纳筐/书报篮/杂物筐,20,http://archive.taobao.com/auction/item_detail-0dbh-8d653d24bfffeb6fa831167f71b7c69d.jhtml,http://dsc04.taobao.com/i4/8d0/531/8d653d24bfffeb6fa831167f71b7c69d/T1CEXhXf5rd0NXXXXX.desc|var^desc;sign^6ac3c981d634542d0e06349748f71059;lang^gbk;t^1242793287
田园风情 蕾丝花 元宝形收纳篮★遥控器篮/杂物篮/手机篮/化妆篮,22,http://archive.taobao.com/auction/item_detail-0dbh-fa320e9a2cd69a52be51a2e6390f0ecd.jhtml,http://dsc03.taobao.com/i3/fa0/201/fa320e9a2cd69a52be51a2e6390f0ecd/T1h_FjXhi4vtNXXXXX.desc|var^desc;sign^a5343a3d4d4a9d317317b466c393929d;lang^gbk;t^1247377271
田园风情 蕾丝花 乖乖兔三隔收纳盒/化妆品盒/遥控器盒,20,http://archive.taobao.com/auction/item_detail-0dbh-931d0b187fa9963479935761c001fcb0.jhtml,http://dsc06.taobao.com/i6/930/d01/931d0b187fa9963479935761c001fcb0/T1zRleXaBBXXXXXXXX.desc|var^desc;sign^bbc8c3d94c62c720bb5a5d0884c486c7;lang^gbk;t^1253106197
浪漫樱花红色收纳箱★特大储物箱 可折叠整理箱,26.8,http://archive.taobao.com/auction/item_detail-0dbh-7246c4067ab92a24b2fd31222ea91e39.jhtml,http://dsc08.taobao.com/i8/720/6c0/7246c4067ab92a24b2fd31222ea91e39/T1.jRjXXsstJNXXXXX.desc|var^desc;sign^15138adc557eee94751f01b3111e1be9;lang^gbk;t^1246940254
粉色白云软盖收纳桶/收纳盒/杂物箱,16,http://archive.taobao.com/auction/item_detail-0dbh-5b3944b44f17aa030d82484cf7bf105b.jhtml,http://dsc03.taobao.com/i3/5b0/940/5b3944b44f17aa030d82484cf7bf105b/T1s_BjXda5vtNXXXXX.desc|var^desc;sign^e01156f0c41e751de84abbfb023dc95a;lang^gbk;t^1247377127
浪漫樱花蓝色软盖收纳桶/收纳盒/杂物箱,16,http://archive.taobao.com/auction/item_detail-0dbh-accdb1518f282566eaba336a89d11abb.jhtml,http://dsc08.taobao.com/i8/ac1/db0/accdb1518f282566eaba336a89d11abb/T1uLJoXgtlXXXXXXXX.desc|var^desc;sign^4d71bada1ab4a857a01703d74d47ff85;lang^gbk;t^1258349338
可爱天使软盖收纳桶/收纳盒/杂物箱,16,http://archive.taobao.com/auction/item_detail-0dbh-989313d75e2be2a1845eb03ab8c4417f.jhtml,
可爱憨厚小眼熊牙刷架/牙刷挂/牙刷套,2.8,http://archive.taobao.com/auction/item_detail-0dbh-00a21ceef2e89282b9fc13bf427b0920.jhtml,
卡通开心mm猫头形牙刷架/牙刷挂/牙刷套 粉黄/白,3.5,http://archive.taobao.com/auction/item_detail-0dbh-461126a16f0fa662cd17bb904486e8ef.jhtml,http://dsc04.taobao.com/i4/460/120/461126a16f0fa662cd17bb904486e8ef/T1YuJxXo4eXXXXXXXX.desc|var^desc;sign^00c6c8aa16cdba93228fc1efd35bb788;lang^gbk;t^1271141919
带花猪头多用靠垫&被子/空调被100*150CM(粉红),32,http://archive.taobao.com/auction/item_detail-0dbh-591aea44e8b8606c8cb4345cb56a83ed.jhtml,http://dsc05.taobao.com/i5/590/ae1/591aea44e8b8606c8cb4345cb56a83ed/T12PVjXloptJNXXXXX.desc|var^desc;sign^beed731017fea0ae9a9db42d242a1e4d;lang^gbk;t^1246940244
迪士尼翠儿鸟多用靠垫&被子/空调被100*150CM(粉黄),35.8,http://archive.taobao.com /auction/item_detail-0dbh-9a895f8f0bc82e0ad8cf5b392bc3bce3.jhtml,http://dsc05.taobao.com/i5/9a1/951/9a895f8f0bc82e0ad8cf5b392bc3bce3/T1VPNaXalkh7BXXXXX.desc|var^desc;sign^8ff4c3167d83070517096cbb58c5af4c;lang^gbk;t^1219554292
可爱兔子卡通抱枕/多用靠垫&被子/空调被100*150CM(红),35.8,http://archive.taobao.com /auction/item_detail-0dbh-990ecb641068b07b83bd021d249c3754.jhtml,http://dsc04.taobao.com/i4/990/ec1/990ecb641068b07b83bd021d249c3754/T1t_RbXjFvh.BXXXXX.desc|var^desc;sign^162be9e4d11467d2896663f2057d8114;lang^gbk;t^1219554156
海绵宝宝卡通抱枕/多用靠垫&被子/空调被100*150CM,32,http://archive.taobao.com/auction /item_detail-0dbh-30f5bef26a026c95484c124beccec045.jhtml,http://dsc08.taobao.com/i8/301/5b1/30f5bef26a026c95484c124beccec045/T1UPVjXXEqtJNXXXXX.desc|var^desc;sign^1877ccd5eb7576d46c331c32e7259d9f;lang^gbk;t^1246940234
新店开张_可爱蕾丝收纳挂件/储物/,12.5,http://archive.taobao.com/auction/item_detail-0dbh-c74e7e182dfaf97b4554fb93dd24f0f1.jhtml,http://dsc03.taobao.com/i3/c70/e71/c74e7e182dfaf97b4554fb93dd24f0f1/T14LNoXjtjXXXXXXXX.desc|var^desc;sign^06ec2d51553b075b50eb231ea140feb4;lang^gbk;t^1258349258
新店开张_可爱小屋收纳挂件/储物/,12.5,http://archive.taobao.com/auction/item_detail-0dbh-4f20567e366bdfeb78a56f3ef3472f10.jhtml,http://dsc02.taobao.com/i2/4f0/050/4f20567e366bdfeb78a56f3ef3472f10/T1J6VjXecrtJNXXXXX.desc|var^desc;sign^bbd52cf06faf8d0b76be5816119769ee;lang^gbk;t^1246940214
特价 _蕾丝花边7骨3折伞 天堂鸟（浅红）,19,http://archive.taobao.com/auction/item_detail-0dbh-72cfc9affbedfc72cfcf6c19b7ad3566.jhtml,http://dsc02.taobao.com/i2/721/fc1/72cfc9affbedfc72cfcf6c19b7ad3566/T1aj0jXoIntJNXXXXX.desc|var^desc;sign^dc272c5782e8eebb4544b8499c400a9b;lang^gbk;t^1246940139
★天堂伞三折336T银胶伞晴雨伞遮阳伞加强防晒,22,http://archive.taobao.com/auction/item_detail-0dbh-a4664af00a4dced6651c50f27f847290.jhtml,http://dsc05.taobao.com/i5/a40/641/a4664af00a4dced6651c50f27f847290/T1PPVjXbAqtJNXXXXX.desc|var^desc;sign^a9d4c1a7ec1238a57f4d677424f01462;lang^gbk;t^1246940126
08天堂伞 超轻高防紫外线 337E苏珍丝印 【绝对正品】浅蓝,19,http://archive.taobao.com/auction/item_detail-0dbh-1f67cf7c9c71fcda8426e8222644f6be.jhtml,http://dsc06.taobao.com/i6/1f0/7c1/1f67cf7c9c71fcda8426e8222644f6be/T1hRtbXg0q9oxXXXXX.desc|var^desc;sign^162c10dbadb13de5ed149cfbda0834a8;lang^gbk;t^1215525322
08 天堂伞 超轻高防紫外线 337E苏珍丝印【绝对正品】浅红/浅蓝,22,http://archive.taobao.com/auction/item_detail-0dbh- be744c2e7e827ea6959859e358dcb3c5.jhtml,http://dsc02.taobao.com/i2/be0/441/be744c2e7e827ea6959859e358dcb3c5/T19PVjXXootJNXXXXX.desc|var^desc;sign^6af28451aa03de6fa3a02565079b0a26;lang^gbk;t^1246940113
KITTY 多用靠垫&被子/空调被100*150CM(粉红),35.8,http://archive.taobao.com/auction /item_detail-0dbh-0d40b6b74d71d8f247bdcabaef81be18.jhtml,http://dsc02.taobao.com/i2/0d0/0b0/0d40b6b74d71d8f247bdcabaef81be18/T1EBpbXm4m9kxXXXXX.desc|var^desc;sign^11fba4d4df784e1430e1cec49b62e825;lang^gbk;t^1226368480
2008款 天堂伞最新上市晴雨两用伞303E动漫乐园_淡紫,26.8,http://archive.taobao.com/auction/item_detail-0dbh-33c8aa0ef6a4da5738ce127d4a8a3663.jhtml,http://dsc02.taobao.com/i2/331/8a1/33c8aa0ef6a4da5738ce127d4a8a3663/T1vnJaXi0e9kxXXXXX.desc|var^desc;sign^5095a29f31108a5ebc3ac5e4a5ee7e0d;lang^gbk;t^1215520914
2008款 天堂伞最新上市晴雨两用伞303E动漫乐园_粉蓝,26.8,http://archive.taobao.com/auction/item_detail-0dbh-7b452ac54c87a10287e3cc942aae0560.jhtml,http://dsc02.taobao.com/i2/7b0/521/7b452ac54c87a10287e3cc942aae0560/T1xMBaXiXh9oxXXXXX.desc|var^desc;sign^d4f92482169b345fac7b2fa8231750ab;lang^gbk;t^1215520791
2008款 天堂伞最新上市晴雨两用伞303E动漫乐园_粉红/浅紫,22.8,http://archive.taobao.com/auction/item_detail-0dbh-e33c069bedef410b3bb50992f964533f.jhtml,http://dsc07.taobao.com/i7/e30/c00/e33c069bedef410b3bb50992f964533f/T1xz0jXmgltJNXXXXX.desc|var^desc;sign^a88d09141162f8b43c464dbfbfc0425d;lang^gbk;t^1246940092
NICI品牌中号毛绒老虎杂物收纳桶,28.8,http://archive.taobao.com/auction/item_detail-0dbh-1822ca04ae2b56638f84d402f5b2e3be.jhtml,http://dsc02.taobao.com/i2/180/2c1/1822ca04ae2b56638f84d402f5b2e3be/T1jpBbXmhq7oxXXXXX.desc|var^desc;sign^35d896088e603d8a09022d36edce7ec5;lang^gbk;t^1214958670
NICI品牌中号毛绒长颈鹿杂物收纳桶,23,http://archive.taobao.com/auction/item_detail-0dbh-78516533183676f16e06c1382304c3dc.jhtml,http://dsc05.taobao.com/i5/780/160/78516533183676f16e06c1382304c3dc/T1t2xoXj0pXXXXXXXX.desc|var^desc;sign^c191d85809a8c97093514eb988bdcd70;lang^gbk;t^1258349350
天堂伞D355GD迪士尼人物造型超轻遮阳伞晴雨伞,25,http://archive.taobao.com/auction/item_detail-0dbh-fb6ea3fc3c7185449a0edb917a81aa08.jhtml,http://dsc08.taobao.com/i8/fb0/ea0/fb6ea3fc3c7185449a0edb917a81aa08/T1d6VjXhIrtJNXXXXX.desc|var^desc;sign^d1998d795d05daed7e5ffbb7807e5804;lang^gbk;t^1246940036
08夏日防晒必备*正品*天堂伞*超轻加强型防紫外线 q浅蓝,25,http://archive.taobao.com/auction/item_detail-0dbh-0bd4ed7997d6217a0830abe31e5d1ec6.jhtml,http://dsc07.taobao.com/i7/0b1/4e1/0bd4ed7997d6217a0830abe31e5d1ec6/T1A_FjXcK4vtNXXXXX.desc|var^desc;sign^1c8f4b44bb60cbade3b698ae7c4cd92d;lang^gbk;t^1247377184
满30元即可曾送 可爱熊熊牙刷架/牙刷挂/牙刷套,2.8,http://archive.taobao.com/auction/item_detail-0dbh-81cc1e59de241711d9370390a7f08ac5.jhtml,http://dsc01.taobao.com/i1/811/c11/81cc1e59de241711d9370390a7f08ac5/T1Q0lnXh4iXXXXXXXX.desc|var^desc;sign^80aa510be07df9f7f4e8fc08d971eb5d;lang^gbk;t^1256613685
满30元即可曾送 可爱猫咪刷架/牙刷挂/牙刷套 粉红/蓝,2.8,http://archive.taobao.com/auction/item_detail-0dbh-b2cf9c014338643dcd42c0e985fd3e3c.jhtml,http://dsc03.taobao.com/i3/b21/f91/b2cf9c014338643dcd42c0e985fd3e3c/T1QttnXdJgXXXXXXXX.desc|var^desc;sign^5f25fdf9d623a294e839964ab7905678;lang^gbk;t^1256613693
满30元即可曾送 可爱青蛙头牙刷架/牙刷挂/牙刷套,3.5,http://archive.taobao.com/auction/item_detail-0dbh-60fb4db0fb3527605493958c4d734dc0.jhtml,http://dsc07.taobao.com/i7/601/b41/60fb4db0fb3527605493958c4d734dc0/T1q1VxXdpbXXXXXXXX.desc|var^desc;sign^88aba71459d0a27d2e093e00be48efc4;lang^gbk;t^1271142043
可爱猪猪牙刷架/牙刷挂/牙刷套 粉红,2.8,http://archive.taobao.com/auction/item_detail-0dbh-e085407202d2408ae307836bfbf1f4ee.jhtml,http://dsc04.taobao.com/i4/e01/540/e085407202d2408ae307836bfbf1f4ee/T1MaRiXe_EftNXXXXX.desc|var^desc;sign^a8944604aa9809e9584cd42de9658bdf;lang^gbk;t^1243219956
新款上架/毛绒玩具/玩偶/泰迪熊/情侣熊,98,http://archive.taobao.com/auction/item_detail-0dbh-0fd976e0b1898d851b9b3f2124331e6a.jhtml,http://dsc06.taobao.com/i6/0f1/970/0fd976e0b1898d851b9b3f2124331e6a/T1mAJbXetb6QxXXXXX.desc|var^desc;sign^a101959cdf03324852c224aaef547041;lang^gbk;t^1214960286
米奇软盖收纳桶/杂物箱(蓝/粉红),15,http://archive.taobao.com/auction/item_detail-0dbh-ff83044b4abb545f340421fabee4ca05.jhtml,http://dsc03.taobao.com/i3/ff1/300/ff83044b4abb545f340421fabee4ca05/T1YAFbXklj6IxXXXXX.desc|var^desc;sign^d803881d8bbf372b041139333bfa6bac;lang^gbk;t^1214960367
小花一层2抽收纳盒(蓝/红/粉红/绿/紫) 特价15元,13,http://archive.taobao.com/auction/item_detail-0dbh-c7e3d35fe6dbc27842657cb5a927eedf.jhtml,http://dsc05.taobao.com/i5/c71/3d0/c7e3d35fe6dbc27842657cb5a927eedf/T1BDFjXda4vtNXXXXX.desc|var^desc;sign^d0f3a8321485260712a442c2f56d9a85;lang^gbk;t^1247377198
可爱级七彩毛毛虫公仔抱枕/80cm,48,http://archive.taobao.com/auction/item_detail-0dbh-4b78d5c88e2b1222214869f2a1259a05.jhtml,http://dsc04.taobao.com/i4/4b0/8d0/4b78d5c88e2b1222214869f2a1259a05/T1hW0iXiVefJNXXXXX.desc|var^desc;sign^ca237e4faa60acff08e045dca9e9bd29;lang^gbk;t^1243219908
迷你创意集线盒●迷你藏线盒~电线收纳好帮手~,3.5,http://archive.taobao.com/auction/item_detail-0dbh-d0f8c3f4e2c0b41bb802f7642a0544e7.jhtml,http://dsc07.taobao.com/i7/d01/8c0/d0f8c3f4e2c0b41bb802f7642a0544e7/T1zWRiXdzAftNXXXXX.desc|var^desc;sign^b81029f130aa9981fd525f6684db67db;lang^gbk;t^1243219871
老鼠杰瑞优质靠垫被 (靠垫抱枕空调被),35.8,http://archive.taobao.com/auction/item_detail-0dbh-8889cdc44372ad5b378928bb8720d1d1.jhtml,http://dsc08.taobao.com/i8/881/9c1/8889cdc44372ad5b378928bb8720d1d1/T1MkFbXfJr6UxXXXXX.desc|var^desc;sign^f23e30eb30972570624de0a2bed0bc98;lang^gbk;t^1214960892
中国娃娃多用靠垫&被子/空调被100*150CM,32,http://archive.taobao.com/auction/item_detail-0dbh-d17ff12325b45dcb2e5f2af9944c61ef.jhtml,http://dsc08.taobao.com/i8/d10/ff0/d17ff12325b45dcb2e5f2af9944c61ef/T1I_FjXjC2vtNXXXXX.desc|var^desc;sign^5cab47f6c66f95230c47d4ea897c654f;lang^gbk;t^1247376904
08天堂伞 超轻高防紫外线 337E苏珍丝印 【绝对正品】,19,http://archive.taobao.com/auction/item_detail-0dbh-3522165a08bf9e622d1103550d9d5020.jhtml,http://dsc05.taobao.com/i5/350/210/3522165a08bf9e622d1103550d9d5020/T1Kf0XXedd6UxXXXXX.desc|var^desc;sign^9e26f16785a2e7e8e1d0cf6106e1fffb;lang^gbk;t^1215525497
德国NICI丛林小狮子笔筒/家居装饰/生日情侣儿童礼物,10,http://archive.taobao.com/auction/item_detail-0dbh-8b68e7eb4824633606f6c89d6335c6e0.jhtml,http://dsc05.taobao.com/i5/8b0/8e0/8b68e7eb4824633606f6c89d6335c6e0/T1HaViXlUcftNXXXXX.desc|var^desc;sign^d7f73c600bc4888f716ebb581da8617a;lang^gbk;t^1243219813
三顺猪卡通可爱粉色天蓝色绿色手机座,10,http://archive.taobao.com/auction/item_detail-0dbh-ec78bb7afbe2cab552b114617bb6ea2c.jhtml,http://dsc08.taobao.com/i8/ec0/8b1/ec78bb7afbe2cab552b114617bb6ea2c/T1iWViXerSftNXXXXX.desc|var^desc;sign^267907ae2dee3ad7af36384f43a1c4cf;lang^gbk;t^1243219827
喜洋洋与灰太狼系列 _喜洋洋手机座 热销中~ 绿色/玫红,10,http://archive.taobao.com/auction/item_detail-0dbh-93e4145ce241d8090a6def7ce203e5f7.jhtml,http://dsc07.taobao.com/i7/931/410/93e4145ce241d8090a6def7ce203e5f7/T1jaViXdTSftNXXXXX.desc|var^desc;sign^d2e771546bb6f59e99c5fd2a09989f61;lang^gbk;t^1243219888
超可爱韩国I版Metoo乌龟手机座/红/绿色可选,10,http://archive.taobao.com/auction/item_detail-0dbh-a42a121d14e63cde7888abaa6c20cc7e.jhtml,http://dsc07.taobao.com/i7/a40/a10/a42a121d14e63cde7888abaa6c20cc7e/T1oGViXm6VftNXXXXX.desc|var^desc;sign^901295a41a037c8e9e1571ee6f166847;lang^gbk;t^1243219772
YoYoCiCi悠嘻猴情侣公仔手机座,12,http://archive.taobao.com/auction/item_detail-0dbh-cba27f31b6249b9ee83d8d423b883bab.jhtml,http://dsc04.taobao.com/i4/cb1/271/cba27f31b6249b9ee83d8d423b883bab/T17tVxXnhxXXXXXXXX.desc|var^desc;sign^d11e5d89a327260dc13e3e5082404800;lang^gbk;t^1271142033
新款KT鼠标/hellokitty鼠标/光电鼠标/卡通鼠标,28,http://archive.taobao.com/auction/item_detail-0dbh-9393493c2380235d549ee269995b6567.jhtml,http://dsc07.taobao.com/i7/931/341/9393493c2380235d549ee269995b6567/T11bthXo2F9tJXXXXX.desc|var^desc;sign^90dc44ccae79143533799f8d4f6626be;lang^gbk;t^1240835606
hellokitty 键盘/卡通键盘/USB键盘/hellokitty超薄键盘,59,http://archive.taobao.com/auction /item_detail-0dbh-79242f31f8b7357034870c219ef1cfc2.jhtml,http://dsc06.taobao.com/i6/790/421/79242f31f8b7357034870c219ef1cfc2/T1EbxhXnTK9tJXXXXX.desc|var^desc;sign^3c37e4de8872f34c3c5ae490c1ab7ae7;lang^gbk;t^1240835639
新店开张.YOCI悠嘻猴●杂物筒/车载/笔筒,11.8,http://archive.taobao.com/auction/item_detail-0dbh-5d0af77d7d9855f54bcf302fb0dce280.jhtml,http://dsc06.taobao.com/i6/5d0/af0/5d0af77d7d9855f54bcf302fb0dce280/T1cQBbXkts6UxXXXXX.desc|var^desc;sign^655517df6d3541b18d2ea20f8fd20fe2;lang^gbk;t^1214961898
